ID,TITLE,THUMBNAIL1,THUMBNAIL2,THUMBNAIL3
qWL1lGchpRA,Google's Flutter Tutorials  | 1 - Introduction | Something New & Crazy | Android & iOS | Dart,https://i.ytimg.com/vi/qWL1lGchpRA/default.jpg,https://i.ytimg.com/vi/qWL1lGchpRA/mqdefault.jpg,https://i.ytimg.com/vi/qWL1lGchpRA/hqdefault.jpg
44rN8TSBhTQ,Google's Flutter Tutorials  | 2 - Installation | Something New & Crazy | Android & iOS | Dart,https://i.ytimg.com/vi/44rN8TSBhTQ/default.jpg,https://i.ytimg.com/vi/44rN8TSBhTQ/mqdefault.jpg,https://i.ytimg.com/vi/44rN8TSBhTQ/hqdefault.jpg
zBpl-0IVu8I,Google's Flutter Tutorials  | 3 - Create First App | Something New & Crazy | Android & iOS | Dart,https://i.ytimg.com/vi/zBpl-0IVu8I/default.jpg,https://i.ytimg.com/vi/zBpl-0IVu8I/mqdefault.jpg,https://i.ytimg.com/vi/zBpl-0IVu8I/hqdefault.jpg
mGIhQHQjdIg,Google's Flutter Tutorials  | 4 - Visual Studio Code | Something New & Crazy | Android & iOS | Dart,https://i.ytimg.com/vi/mGIhQHQjdIg/default.jpg,https://i.ytimg.com/vi/mGIhQHQjdIg/mqdefault.jpg,https://i.ytimg.com/vi/mGIhQHQjdIg/hqdefault.jpg
Hj_1CqSunVU,Google's Flutter Tutorials  | 5 - Hello World App | Something New & Crazy | Android & iOS | Dart,https://i.ytimg.com/vi/Hj_1CqSunVU/default.jpg,https://i.ytimg.com/vi/Hj_1CqSunVU/mqdefault.jpg,https://i.ytimg.com/vi/Hj_1CqSunVU/hqdefault.jpg
VnWHOogtDk8,Google's Flutter Tutorials  | 6 - Stateless & Stateful Widgets | Android & iOS | Dart,https://i.ytimg.com/vi/VnWHOogtDk8/default.jpg,https://i.ytimg.com/vi/VnWHOogtDk8/mqdefault.jpg,https://i.ytimg.com/vi/VnWHOogtDk8/hqdefault.jpg
AM11bPD3eok,Google's Flutter Tutorials  | 7 - Material Scaffold App | Android & iOS | Dart,https://i.ytimg.com/vi/AM11bPD3eok/default.jpg,https://i.ytimg.com/vi/AM11bPD3eok/mqdefault.jpg,https://i.ytimg.com/vi/AM11bPD3eok/hqdefault.jpg
eSCjdZ1vXIQ,Google's Flutter Tutorials  | 8 - Stateful Widgets Demo | Android & iOS | Dart,https://i.ytimg.com/vi/eSCjdZ1vXIQ/default.jpg,https://i.ytimg.com/vi/eSCjdZ1vXIQ/mqdefault.jpg,https://i.ytimg.com/vi/eSCjdZ1vXIQ/hqdefault.jpg
dL6UoOBQ7sw,Google's Flutter Tutorials  | 9 - States Demo | Android & iOS | Dart,https://i.ytimg.com/vi/dL6UoOBQ7sw/default.jpg,https://i.ytimg.com/vi/dL6UoOBQ7sw/mqdefault.jpg,https://i.ytimg.com/vi/dL6UoOBQ7sw/hqdefault.jpg
MfADID5_Qk0,"Google's Flutter Tutorials  | 10 - Alignment, Style & Colors Demo | Android & iOS | Dart",https://i.ytimg.com/vi/MfADID5_Qk0/default.jpg,https://i.ytimg.com/vi/MfADID5_Qk0/mqdefault.jpg,https://i.ytimg.com/vi/MfADID5_Qk0/hqdefault.jpg
Xe_fFms4pEE,Google's Flutter Tutorials  | 11 - Theming (Light / Dark) Demo | Android & iOS | Dart,https://i.ytimg.com/vi/Xe_fFms4pEE/default.jpg,https://i.ytimg.com/vi/Xe_fFms4pEE/mqdefault.jpg,https://i.ytimg.com/vi/Xe_fFms4pEE/hqdefault.jpg
aq3_W9CiQ3E,Google's Flutter Tutorials  | 12 - Floating Action Button Demo | Android & iOS | Dart,https://i.ytimg.com/vi/aq3_W9CiQ3E/default.jpg,https://i.ytimg.com/vi/aq3_W9CiQ3E/mqdefault.jpg,https://i.ytimg.com/vi/aq3_W9CiQ3E/hqdefault.jpg
iYH2jzUM1Nc,Flutter Create Beautiful Animated Login Page For Android & iOS From Scratch | Beginners,https://i.ytimg.com/vi/iYH2jzUM1Nc/default.jpg,https://i.ytimg.com/vi/iYH2jzUM1Nc/mqdefault.jpg,https://i.ytimg.com/vi/iYH2jzUM1Nc/hqdefault.jpg
Ss1HkZ3LnRY,Flutter Build a Calculator App For Android & iOS | Beginners | Dart,https://i.ytimg.com/vi/Ss1HkZ3LnRY/default.jpg,https://i.ytimg.com/vi/Ss1HkZ3LnRY/mqdefault.jpg,https://i.ytimg.com/vi/Ss1HkZ3LnRY/hqdefault.jpg
Yd-bgqe3DxA,Flutter - Build Material Chat App | Frenzy Chat For Android & iOS | Design,https://i.ytimg.com/vi/Yd-bgqe3DxA/default.jpg,https://i.ytimg.com/vi/Yd-bgqe3DxA/mqdefault.jpg,https://i.ytimg.com/vi/Yd-bgqe3DxA/hqdefault.jpg
kVow5q53WG8,Flutter - Git Quick Start Guide | Github,https://i.ytimg.com/vi/kVow5q53WG8/default.jpg,https://i.ytimg.com/vi/kVow5q53WG8/mqdefault.jpg,https://i.ytimg.com/vi/kVow5q53WG8/hqdefault.jpg
bTwTKwK3hGc,Flutter - Build Local JSON App | Android & iOS,https://i.ytimg.com/vi/bTwTKwK3hGc/default.jpg,https://i.ytimg.com/vi/bTwTKwK3hGc/mqdefault.jpg,https://i.ytimg.com/vi/bTwTKwK3hGc/hqdefault.jpg
aIJU68Phi1w,Flutter - Build An App To Fetch Data Online Using HTTP GET | Android & iOS,https://i.ytimg.com/vi/aIJU68Phi1w/default.jpg,https://i.ytimg.com/vi/aIJU68Phi1w/mqdefault.jpg,https://i.ytimg.com/vi/aIJU68Phi1w/hqdefault.jpg
cPlaYS4eqe4,Flutter - Build Cryptocurrency App From Scratch | Android & iOS | Bitcoin | Full tutorial,https://i.ytimg.com/vi/cPlaYS4eqe4/default.jpg,https://i.ytimg.com/vi/cPlaYS4eqe4/mqdefault.jpg,https://i.ytimg.com/vi/cPlaYS4eqe4/hqdefault.jpg
JWuXj0BY_s4,Flutter - Build Beautiful Material Navigation Drawer App With Routing | Android & iOS,https://i.ytimg.com/vi/JWuXj0BY_s4/default.jpg,https://i.ytimg.com/vi/JWuXj0BY_s4/mqdefault.jpg,https://i.ytimg.com/vi/JWuXj0BY_s4/hqdefault.jpg
5_zQ6rjv00s,Flutter - Material Design Widgets | Tabs | BottomNavigationBar | Stepper | Snackbar etc.,https://i.ytimg.com/vi/5_zQ6rjv00s/default.jpg,https://i.ytimg.com/vi/5_zQ6rjv00s/mqdefault.jpg,https://i.ytimg.com/vi/5_zQ6rjv00s/hqdefault.jpg
X8B-UzqEaWc,Flutter - Redux Tutorial + Testing | Flutter Redux | Redux Dart,https://i.ytimg.com/vi/X8B-UzqEaWc/default.jpg,https://i.ytimg.com/vi/X8B-UzqEaWc/mqdefault.jpg,https://i.ytimg.com/vi/X8B-UzqEaWc/hqdefault.jpg
I2AgSDAEZSE,Flutter - MVP Architecture | Design Pattern | Dependency Injection | Flavors | Demo,https://i.ytimg.com/vi/I2AgSDAEZSE/default.jpg,https://i.ytimg.com/vi/I2AgSDAEZSE/mqdefault.jpg,https://i.ytimg.com/vi/I2AgSDAEZSE/hqdefault.jpg
Yzfxqd9-6QY,Flutter - SQFLITE (SQLITE) + MVP Architecture + Login App Tutorial,https://i.ytimg.com/vi/Yzfxqd9-6QY/default.jpg,https://i.ytimg.com/vi/Yzfxqd9-6QY/mqdefault.jpg,https://i.ytimg.com/vi/Yzfxqd9-6QY/hqdefault.jpg
eWicXD5vkyg,Flutter: Music Player Tutorial | Basic Demo | Open Source,https://i.ytimg.com/vi/eWicXD5vkyg/default.jpg,https://i.ytimg.com/vi/eWicXD5vkyg/mqdefault.jpg,https://i.ytimg.com/vi/eWicXD5vkyg/hqdefault.jpg
AzOONgeCVKg,Flutter: Swipe to dismiss/delete ListView Tutorial,https://i.ytimg.com/vi/AzOONgeCVKg/default.jpg,https://i.ytimg.com/vi/AzOONgeCVKg/mqdefault.jpg,https://i.ytimg.com/vi/AzOONgeCVKg/hqdefault.jpg
fqqY3NBVVHA,Flutter: Clipping Tutorial | Clipper | Line Clipping | Custom Design,https://i.ytimg.com/vi/fqqY3NBVVHA/default.jpg,https://i.ytimg.com/vi/fqqY3NBVVHA/mqdefault.jpg,https://i.ytimg.com/vi/fqqY3NBVVHA/hqdefault.jpg
LnUhNTUl3Mc,Flutter: Bezier Curve Clipping Tutorial | Clipper | Quadratic Bezier | Custom Design,https://i.ytimg.com/vi/LnUhNTUl3Mc/default.jpg,https://i.ytimg.com/vi/LnUhNTUl3Mc/mqdefault.jpg,https://i.ytimg.com/vi/LnUhNTUl3Mc/hqdefault.jpg
S0KeKqQxDAQ,Flutter: Web Sockets Tutorial | Socket.io | WebSockets.org,https://i.ytimg.com/vi/S0KeKqQxDAQ/default.jpg,https://i.ytimg.com/vi/S0KeKqQxDAQ/mqdefault.jpg,https://i.ytimg.com/vi/S0KeKqQxDAQ/hqdefault.jpg
8M-Fa239Hy4,Flutter: Firebase Setup |  Auth | Google Sign-In | Explained | Android & iOS,https://i.ytimg.com/vi/8M-Fa239Hy4/default.jpg,https://i.ytimg.com/vi/8M-Fa239Hy4/mqdefault.jpg,https://i.ytimg.com/vi/8M-Fa239Hy4/hqdefault.jpg
KpR5fQx_V2c,Flutter: BottomSheet Tutorial | Persistent & Modal Sheets | Material Design,https://i.ytimg.com/vi/KpR5fQx_V2c/default.jpg,https://i.ytimg.com/vi/KpR5fQx_V2c/mqdefault.jpg,https://i.ytimg.com/vi/KpR5fQx_V2c/hqdefault.jpg
HzKdJekhXoc,Flutter: CRUD Firebase Cloud Firestore Database | Realtime | Go Serverless,https://i.ytimg.com/vi/HzKdJekhXoc/default.jpg,https://i.ytimg.com/vi/HzKdJekhXoc/mqdefault.jpg,https://i.ytimg.com/vi/HzKdJekhXoc/hqdefault.jpg
u1KD6Kz0PIQ,Flutter: Building a Tic Tac Toe Game From Scratch | Crash Course | Android | iOS |,https://i.ytimg.com/vi/u1KD6Kz0PIQ/default.jpg,https://i.ytimg.com/vi/u1KD6Kz0PIQ/mqdefault.jpg,https://i.ytimg.com/vi/u1KD6Kz0PIQ/hqdefault.jpg
2Tyrofn6zPg,Flutter: Building a WhatsApp Clone from scratch | UI | Material Design,https://i.ytimg.com/vi/2Tyrofn6zPg/default.jpg,https://i.ytimg.com/vi/2Tyrofn6zPg/mqdefault.jpg,https://i.ytimg.com/vi/2Tyrofn6zPg/hqdefault.jpg
KS0sRJL_hLA,Flutter Apps | Let's flutter,https://i.ytimg.com/vi/KS0sRJL_hLA/default.jpg,https://i.ytimg.com/vi/KS0sRJL_hLA/mqdefault.jpg,https://i.ytimg.com/vi/KS0sRJL_hLA/hqdefault.jpg
f9m_Wc4K5v0,Flutter: App LifeCycle and Handling Orientation,https://i.ytimg.com/vi/f9m_Wc4K5v0/default.jpg,https://i.ytimg.com/vi/f9m_Wc4K5v0/mqdefault.jpg,https://i.ytimg.com/vi/f9m_Wc4K5v0/hqdefault.jpg
c1iG39CWdIQ,Flutter vs React Native vs Xamarin ? Which one to choose?,https://i.ytimg.com/vi/c1iG39CWdIQ/default.jpg,https://i.ytimg.com/vi/c1iG39CWdIQ/mqdefault.jpg,https://i.ytimg.com/vi/c1iG39CWdIQ/hqdefault.jpg
FNBuo-7zg2Q,Flutter: Create Beautiful Material Splash Screen | Dart 2,https://i.ytimg.com/vi/FNBuo-7zg2Q/default.jpg,https://i.ytimg.com/vi/FNBuo-7zg2Q/mqdefault.jpg,https://i.ytimg.com/vi/FNBuo-7zg2Q/hqdefault.jpg
iOqtl8-iDE0,Flutter: Build your first pub package and upload | Implement Walkthrough,https://i.ytimg.com/vi/iOqtl8-iDE0/default.jpg,https://i.ytimg.com/vi/iOqtl8-iDE0/mqdefault.jpg,https://i.ytimg.com/vi/iOqtl8-iDE0/hqdefault.jpg
RlBfFswZ94U,Flutter: Validate Forms | Create Full Fledged Login Form,https://i.ytimg.com/vi/RlBfFswZ94U/default.jpg,https://i.ytimg.com/vi/RlBfFswZ94U/mqdefault.jpg,https://i.ytimg.com/vi/RlBfFswZ94U/hqdefault.jpg
e5bklM7YfIo,Flutter: Collapsing Toolbar Layout | Slivers | Sliver App Bar,https://i.ytimg.com/vi/e5bklM7YfIo/default.jpg,https://i.ytimg.com/vi/e5bklM7YfIo/mqdefault.jpg,https://i.ytimg.com/vi/e5bklM7YfIo/hqdefault.jpg
6y9Ce76amjY,Flutter: Build Age Calculator App with Animation,https://i.ytimg.com/vi/6y9Ce76amjY/default.jpg,https://i.ytimg.com/vi/6y9Ce76amjY/mqdefault.jpg,https://i.ytimg.com/vi/6y9Ce76amjY/hqdefault.jpg
zu-do2luSAo,Flutter: Signature View And Custom Painter Implementation | Drawing App,https://i.ytimg.com/vi/zu-do2luSAo/default.jpg,https://i.ytimg.com/vi/zu-do2luSAo/mqdefault.jpg,https://i.ytimg.com/vi/zu-do2luSAo/hqdefault.jpg
5n8xP4ukzlM,Flutter: Pull to Refresh | ListView |,https://i.ytimg.com/vi/5n8xP4ukzlM/default.jpg,https://i.ytimg.com/vi/5n8xP4ukzlM/mqdefault.jpg,https://i.ytimg.com/vi/5n8xP4ukzlM/hqdefault.jpg
QxE-hEa16gA,Flutter: Internet Connectivity | Stay Connected,https://i.ytimg.com/vi/QxE-hEa16gA/default.jpg,https://i.ytimg.com/vi/QxE-hEa16gA/mqdefault.jpg,https://i.ytimg.com/vi/QxE-hEa16gA/hqdefault.jpg
ZkpHzbOm-s0,Flutter: Access Camera | Adding Camera Functionality to WhatsApp Clone,https://i.ytimg.com/vi/ZkpHzbOm-s0/default.jpg,https://i.ytimg.com/vi/ZkpHzbOm-s0/mqdefault.jpg,https://i.ytimg.com/vi/ZkpHzbOm-s0/hqdefault.jpg
SrGP1BdkYpk,Flutter: Building a Beautiful Wallpaper App From Scratch To Store | Firebase | 1.1,https://i.ytimg.com/vi/SrGP1BdkYpk/default.jpg,https://i.ytimg.com/vi/SrGP1BdkYpk/mqdefault.jpg,https://i.ytimg.com/vi/SrGP1BdkYpk/hqdefault.jpg
qDa8nlLkMF8,Flutter: Integrate Ads | Create Admob Account | Firebase Admob | 1.2,https://i.ytimg.com/vi/qDa8nlLkMF8/default.jpg,https://i.ytimg.com/vi/qDa8nlLkMF8/mqdefault.jpg,https://i.ytimg.com/vi/qDa8nlLkMF8/hqdefault.jpg
SXuB9oa3t9A,Flutter: Integrate Analytics | Firebase Analytics | Handling Library Issues | 1.3,https://i.ytimg.com/vi/SXuB9oa3t9A/default.jpg,https://i.ytimg.com/vi/SXuB9oa3t9A/mqdefault.jpg,https://i.ytimg.com/vi/SXuB9oa3t9A/hqdefault.jpg
nGvPNG-f1-o,Flutter: Prepare App For Release | App Signing | Create JKS | 1.4,https://i.ytimg.com/vi/nGvPNG-f1-o/default.jpg,https://i.ytimg.com/vi/nGvPNG-f1-o/mqdefault.jpg,https://i.ytimg.com/vi/nGvPNG-f1-o/hqdefault.jpg
qpruGmff5Fw,Flutter: Publish App to PlayStore | Fully Explained Demo | 1.5 THE END,https://i.ytimg.com/vi/qpruGmff5Fw/default.jpg,https://i.ytimg.com/vi/qpruGmff5Fw/mqdefault.jpg,https://i.ytimg.com/vi/qpruGmff5Fw/hqdefault.jpg
TEqnwvY7S7s,Watch Full Google IO 2018 Keynote In Just 15 Minutes,https://i.ytimg.com/vi/TEqnwvY7S7s/default.jpg,https://i.ytimg.com/vi/TEqnwvY7S7s/mqdefault.jpg,https://i.ytimg.com/vi/TEqnwvY7S7s/hqdefault.jpg
q-GtMerSNuY,What's New In Android P Beta & Flutter Beta 3,https://i.ytimg.com/vi/q-GtMerSNuY/default.jpg,https://i.ytimg.com/vi/q-GtMerSNuY/mqdefault.jpg,https://i.ytimg.com/vi/q-GtMerSNuY/hqdefault.jpg
yBH6wIzVhSg,Flutter Redux: Shopping Cart App From Scratch | Redux Time Travel,https://i.ytimg.com/vi/yBH6wIzVhSg/default.jpg,https://i.ytimg.com/vi/yBH6wIzVhSg/mqdefault.jpg,https://i.ytimg.com/vi/yBH6wIzVhSg/hqdefault.jpg
vDgdzfcFBy0,Flutter: Expandable And Sticky Header List,https://i.ytimg.com/vi/vDgdzfcFBy0/default.jpg,https://i.ytimg.com/vi/vDgdzfcFBy0/mqdefault.jpg,https://i.ytimg.com/vi/vDgdzfcFBy0/hqdefault.jpg
LcEyi1_1bAw,Flutter: Backdrop Widget Tutorial | Material Design 2.0,https://i.ytimg.com/vi/LcEyi1_1bAw/default.jpg,https://i.ytimg.com/vi/LcEyi1_1bAw/mqdefault.jpg,https://i.ytimg.com/vi/LcEyi1_1bAw/hqdefault.jpg
siuJhQ9BqsU,Flutter: QR Code Scanner App | Barcode Scan,https://i.ytimg.com/vi/siuJhQ9BqsU/default.jpg,https://i.ytimg.com/vi/siuJhQ9BqsU/mqdefault.jpg,https://i.ytimg.com/vi/siuJhQ9BqsU/hqdefault.jpg
2PVHzuuN9Ww,Flutter: Integrate Google Maps | Static maps,https://i.ytimg.com/vi/2PVHzuuN9Ww/default.jpg,https://i.ytimg.com/vi/2PVHzuuN9Ww/mqdefault.jpg,https://i.ytimg.com/vi/2PVHzuuN9Ww/hqdefault.jpg
hBoIkxhd3kk,Flutter: Let's Flutter Live Quiz | It's fun,https://i.ytimg.com/vi/hBoIkxhd3kk/default.jpg,https://i.ytimg.com/vi/hBoIkxhd3kk/mqdefault.jpg,https://i.ytimg.com/vi/hBoIkxhd3kk/hqdefault.jpg
Z9fsyhKHWDg,Flutter: Building Instagram Clone From Scratch | UI | Material Design,https://i.ytimg.com/vi/Z9fsyhKHWDg/default.jpg,https://i.ytimg.com/vi/Z9fsyhKHWDg/mqdefault.jpg,https://i.ytimg.com/vi/Z9fsyhKHWDg/hqdefault.jpg
TZRpCGQsBCw,Flutter: Build Your First Plugin for Android & iOS | Flutter Toast,https://i.ytimg.com/vi/TZRpCGQsBCw/default.jpg,https://i.ytimg.com/vi/TZRpCGQsBCw/mqdefault.jpg,https://i.ytimg.com/vi/TZRpCGQsBCw/hqdefault.jpg
j-27MZwRbFw,Flutter: Inherited Widget & Scoped Model Explained | Part - 1,https://i.ytimg.com/vi/j-27MZwRbFw/default.jpg,https://i.ytimg.com/vi/j-27MZwRbFw/mqdefault.jpg,https://i.ytimg.com/vi/j-27MZwRbFw/hqdefault.jpg
_6yXf7kcA8A,Flutter: BloC Pattern Explained | Part - 2,https://i.ytimg.com/vi/_6yXf7kcA8A/default.jpg,https://i.ytimg.com/vi/_6yXf7kcA8A/mqdefault.jpg,https://i.ytimg.com/vi/_6yXf7kcA8A/hqdefault.jpg
R21kDN1quOI,"Portable Material: Flutter physical models - Eugenio Marletti, Sebastiano Poggi",https://i.ytimg.com/vi/R21kDN1quOI/default.jpg,https://i.ytimg.com/vi/R21kDN1quOI/mqdefault.jpg,https://i.ytimg.com/vi/R21kDN1quOI/hqdefault.jpg
zKXz3pUkw9A,"Keep it Simple, State: Architecture for Flutter Apps (DartConf 2018)",https://i.ytimg.com/vi/zKXz3pUkw9A/default.jpg,https://i.ytimg.com/vi/zKXz3pUkw9A/mqdefault.jpg,https://i.ytimg.com/vi/zKXz3pUkw9A/hqdefault.jpg
iVYpeEd3Jes,How do Dart and Flutter Work Together?,https://i.ytimg.com/vi/iVYpeEd3Jes/default.jpg,https://i.ytimg.com/vi/iVYpeEd3Jes/mqdefault.jpg,https://i.ytimg.com/vi/iVYpeEd3Jes/hqdefault.jpg
DL0Ix1lnC4w,Using Material Design with Flutter,https://i.ytimg.com/vi/DL0Ix1lnC4w/default.jpg,https://i.ytimg.com/vi/DL0Ix1lnC4w/mqdefault.jpg,https://i.ytimg.com/vi/DL0Ix1lnC4w/hqdefault.jpg
iflV0D0d1zQ,Let's live code in Flutter (DartConf 2018),https://i.ytimg.com/vi/iflV0D0d1zQ/default.jpg,https://i.ytimg.com/vi/iflV0D0d1zQ/mqdefault.jpg,https://i.ytimg.com/vi/iflV0D0d1zQ/hqdefault.jpg
W1pNjxmNHNQ,Building your first Flutter Widget,https://i.ytimg.com/vi/W1pNjxmNHNQ/default.jpg,https://i.ytimg.com/vi/W1pNjxmNHNQ/mqdefault.jpg,https://i.ytimg.com/vi/W1pNjxmNHNQ/hqdefault.jpg
sCb44rmNMfM,VSCode Tips & Tricks | Flutter | 20 Useful Shortcuts,https://i.ytimg.com/vi/sCb44rmNMfM/default.jpg,https://i.ytimg.com/vi/sCb44rmNMfM/mqdefault.jpg,https://i.ytimg.com/vi/sCb44rmNMfM/hqdefault.jpg
vT6gNFE0GBw,Flutter: MLKit Tutorial For Firebase | Machine Learning | Android & iOS,https://i.ytimg.com/vi/vT6gNFE0GBw/default.jpg,https://i.ytimg.com/vi/vT6gNFE0GBw/mqdefault.jpg,https://i.ytimg.com/vi/vT6gNFE0GBw/hqdefault.jpg
TiCA0CEePyE,"Testing, JSON serialization, and immutables (The Boring Flutter Development Show, Ep. 2)",https://i.ytimg.com/vi/TiCA0CEePyE/default.jpg,https://i.ytimg.com/vi/TiCA0CEePyE/mqdefault.jpg,https://i.ytimg.com/vi/TiCA0CEePyE/hqdefault.jpg
XdUMp9k5JCI,Flutter: Dynamic Theming | Change Theme At Runtime,https://i.ytimg.com/vi/XdUMp9k5JCI/default.jpg,https://i.ytimg.com/vi/XdUMp9k5JCI/mqdefault.jpg,https://i.ytimg.com/vi/XdUMp9k5JCI/hqdefault.jpg
rfagvy5xCW0,"Networking and FutureBuilder (The Boring Flutter Development Show, Ep. 3)",https://i.ytimg.com/vi/rfagvy5xCW0/default.jpg,https://i.ytimg.com/vi/rfagvy5xCW0/mqdefault.jpg,https://i.ytimg.com/vi/rfagvy5xCW0/hqdefault.jpg
aVZ5rsA4Yx8,Flutter: SizedBox | Flutter Weekly Widgets | Ep 1,https://i.ytimg.com/vi/aVZ5rsA4Yx8/default.jpg,https://i.ytimg.com/vi/aVZ5rsA4Yx8/mqdefault.jpg,https://i.ytimg.com/vi/aVZ5rsA4Yx8/hqdefault.jpg
fYBCzgBRkb4,Flutter: Handle Back Button Pressed | WillPopScope Widget,https://i.ytimg.com/vi/fYBCzgBRkb4/default.jpg,https://i.ytimg.com/vi/fYBCzgBRkb4/mqdefault.jpg,https://i.ytimg.com/vi/fYBCzgBRkb4/hqdefault.jpg
ssz7pJQTokM,Flutter: Animated Builder | Improve Performance | Ep 2 | Flutter Weekly Widgets,https://i.ytimg.com/vi/ssz7pJQTokM/default.jpg,https://i.ytimg.com/vi/ssz7pJQTokM/mqdefault.jpg,https://i.ytimg.com/vi/ssz7pJQTokM/hqdefault.jpg
U6WjVYZ3kKc,Flutter: Draggable & Drag Target | Ep 3 | Flutter Weekly Widgets,https://i.ytimg.com/vi/U6WjVYZ3kKc/default.jpg,https://i.ytimg.com/vi/U6WjVYZ3kKc/mqdefault.jpg,https://i.ytimg.com/vi/U6WjVYZ3kKc/hqdefault.jpg
f4kXyOkfe6I,Flutter: World of Cupertino (iOS) | Ep 4 | Flutter Weekly Widgets,https://i.ytimg.com/vi/f4kXyOkfe6I/default.jpg,https://i.ytimg.com/vi/f4kXyOkfe6I/mqdefault.jpg,https://i.ytimg.com/vi/f4kXyOkfe6I/hqdefault.jpg
n2Dav9ONJsY,Flutter: Data Table | Ep 5 | Flutter Weekly Widgets,https://i.ytimg.com/vi/n2Dav9ONJsY/default.jpg,https://i.ytimg.com/vi/n2Dav9ONJsY/mqdefault.jpg,https://i.ytimg.com/vi/n2Dav9ONJsY/hqdefault.jpg
dNSteCm-cEY,"Adding Animations to Your App (The Boring Flutter Development Show, Ep. 5)",https://i.ytimg.com/vi/dNSteCm-cEY/default.jpg,https://i.ytimg.com/vi/dNSteCm-cEY/mqdefault.jpg,https://i.ytimg.com/vi/dNSteCm-cEY/hqdefault.jpg
FUSG4Po6zoY,Bob & Lily talking about Flutter. How to get started ?,https://i.ytimg.com/vi/FUSG4Po6zoY/default.jpg,https://i.ytimg.com/vi/FUSG4Po6zoY/mqdefault.jpg,https://i.ytimg.com/vi/FUSG4Po6zoY/hqdefault.jpg
DEgtGLwdOHM,Flutter: WebView | Browser App | Ep 6 | Flutter Weekly Widgets | Website to App,https://i.ytimg.com/vi/DEgtGLwdOHM/default.jpg,https://i.ytimg.com/vi/DEgtGLwdOHM/mqdefault.jpg,https://i.ytimg.com/vi/DEgtGLwdOHM/hqdefault.jpg
lkF0TQJO0bA,SafeArea (Flutter Widget of the Week),https://i.ytimg.com/vi/lkF0TQJO0bA/default.jpg,https://i.ytimg.com/vi/lkF0TQJO0bA/mqdefault.jpg,https://i.ytimg.com/vi/lkF0TQJO0bA/hqdefault.jpg
Gru7swUQqsg,"Flutter Advanced: Download Large Files (Pdf, Json, Image etc) With Progress %",https://i.ytimg.com/vi/Gru7swUQqsg/default.jpg,https://i.ytimg.com/vi/Gru7swUQqsg/mqdefault.jpg,https://i.ytimg.com/vi/Gru7swUQqsg/hqdefault.jpg
KuXKwjv2gTY,Flutter Advanced: Overlay Widget | Ep 7 | Flutter Weekly Widgets,https://i.ytimg.com/vi/KuXKwjv2gTY/default.jpg,https://i.ytimg.com/vi/KuXKwjv2gTY/mqdefault.jpg,https://i.ytimg.com/vi/KuXKwjv2gTY/hqdefault.jpg
JJ4MvlXooCU,Flutter Advanced: Async Programming | Future | Async Await,https://i.ytimg.com/vi/JJ4MvlXooCU/default.jpg,https://i.ytimg.com/vi/JJ4MvlXooCU/mqdefault.jpg,https://i.ytimg.com/vi/JJ4MvlXooCU/hqdefault.jpg
_rnZaagadyo,Expanded (Flutter Widget of the Week),https://i.ytimg.com/vi/_rnZaagadyo/default.jpg,https://i.ytimg.com/vi/_rnZaagadyo/mqdefault.jpg,https://i.ytimg.com/vi/_rnZaagadyo/hqdefault.jpg
z5iw2SeFx2M,Wrap (Flutter Widget of the Week),https://i.ytimg.com/vi/z5iw2SeFx2M/default.jpg,https://i.ytimg.com/vi/z5iw2SeFx2M/mqdefault.jpg,https://i.ytimg.com/vi/z5iw2SeFx2M/hqdefault.jpg
iua7TjbeRHA,Flutter Advanced: Semantic Versioning,https://i.ytimg.com/vi/iua7TjbeRHA/default.jpg,https://i.ytimg.com/vi/iua7TjbeRHA/mqdefault.jpg,https://i.ytimg.com/vi/iua7TjbeRHA/hqdefault.jpg
ovbspHZJ9b0,"Adding a Streams API to a Flutter Plugin (The Boring Flutter Development Show, Ep. 7.5)",https://i.ytimg.com/vi/ovbspHZJ9b0/default.jpg,https://i.ytimg.com/vi/ovbspHZJ9b0/mqdefault.jpg,https://i.ytimg.com/vi/ovbspHZJ9b0/hqdefault.jpg
ty7ffiSRSAs,"Q&A and Tour of Flutter Samples Index (The Boring Flutter Development Show, Ep. 7.4)",https://i.ytimg.com/vi/ty7ffiSRSAs/default.jpg,https://i.ytimg.com/vi/ty7ffiSRSAs/mqdefault.jpg,https://i.ytimg.com/vi/ty7ffiSRSAs/hqdefault.jpg
DrJLGJ5e-uw,"Flutter: Placeholder, Spacer, Visibility Widgets | Ep 8 | Flutter Weekly Widgets",https://i.ytimg.com/vi/DrJLGJ5e-uw/default.jpg,https://i.ytimg.com/vi/DrJLGJ5e-uw/mqdefault.jpg,https://i.ytimg.com/vi/DrJLGJ5e-uw/hqdefault.jpg
yeXJqZCiwTQ,Flutter: Build a Beautiful Pokemon App | Animation | Widgets | JSON API,https://i.ytimg.com/vi/yeXJqZCiwTQ/default.jpg,https://i.ytimg.com/vi/yeXJqZCiwTQ/mqdefault.jpg,https://i.ytimg.com/vi/yeXJqZCiwTQ/hqdefault.jpg
9hltevOHQBw,Opacity (Flutter Widget of the Week),https://i.ytimg.com/vi/9hltevOHQBw/default.jpg,https://i.ytimg.com/vi/9hltevOHQBw/mqdefault.jpg,https://i.ytimg.com/vi/9hltevOHQBw/hqdefault.jpg
FPcl1tu0gDs,Flutter Advanced : Build Beautiful Material Search App or Integrate it with Any App,https://i.ytimg.com/vi/FPcl1tu0gDs/default.jpg,https://i.ytimg.com/vi/FPcl1tu0gDs/mqdefault.jpg,https://i.ytimg.com/vi/FPcl1tu0gDs/hqdefault.jpg
9xM0FzX7KVs,Deleted video,https://i.ytimg.com/vi/9xM0FzX7KVs/default.jpg,https://i.ytimg.com/vi/9xM0FzX7KVs/mqdefault.jpg,https://i.ytimg.com/vi/9xM0FzX7KVs/hqdefault.jpg
Gw211RZGVw8,Add Flutter To Existing Or New Android App | Tutorial,https://i.ytimg.com/vi/Gw211RZGVw8/default.jpg,https://i.ytimg.com/vi/Gw211RZGVw8/mqdefault.jpg,https://i.ytimg.com/vi/Gw211RZGVw8/hqdefault.jpg
J1gE9xvph-A,PageView (Flutter Widget of the Week),https://i.ytimg.com/vi/J1gE9xvph-A/default.jpg,https://i.ytimg.com/vi/J1gE9xvph-A/mqdefault.jpg,https://i.ytimg.com/vi/J1gE9xvph-A/hqdefault.jpg
rLwWVbv3xDQ,FadeTransition (Flutter Widget of the Week),https://i.ytimg.com/vi/rLwWVbv3xDQ/default.jpg,https://i.ytimg.com/vi/rLwWVbv3xDQ/mqdefault.jpg,https://i.ytimg.com/vi/rLwWVbv3xDQ/hqdefault.jpg
ek8ZPdWj4Qo,FutureBuilder (Flutter Widget of the Week),https://i.ytimg.com/vi/ek8ZPdWj4Qo/default.jpg,https://i.ytimg.com/vi/ek8ZPdWj4Qo/mqdefault.jpg,https://i.ytimg.com/vi/ek8ZPdWj4Qo/hqdefault.jpg
yI-8QHpGIP4,AnimatedContainer (Flutter Widget of the Week),https://i.ytimg.com/vi/yI-8QHpGIP4/default.jpg,https://i.ytimg.com/vi/yI-8QHpGIP4/mqdefault.jpg,https://i.ytimg.com/vi/yI-8QHpGIP4/hqdefault.jpg
2uaoEDOgk_I,FloatingActionButton (FAB) (Flutter Widget of the Week),https://i.ytimg.com/vi/2uaoEDOgk_I/default.jpg,https://i.ytimg.com/vi/2uaoEDOgk_I/mqdefault.jpg,https://i.ytimg.com/vi/2uaoEDOgk_I/hqdefault.jpg
kxSVpYc2osA,"Material Components, Material.io, and Theming (The Boring Flutter Development Show, Ep. 9)",https://i.ytimg.com/vi/kxSVpYc2osA/default.jpg,https://i.ytimg.com/vi/kxSVpYc2osA/mqdefault.jpg,https://i.ytimg.com/vi/kxSVpYc2osA/hqdefault.jpg
_lbE0wsVZSw,Table (Flutter Widget of the Week),https://i.ytimg.com/vi/_lbE0wsVZSw/default.jpg,https://i.ytimg.com/vi/_lbE0wsVZSw/mqdefault.jpg,https://i.ytimg.com/vi/_lbE0wsVZSw/hqdefault.jpg
R9C5KMJKluE,SliverAppBar (Flutter Widget of the Week),https://i.ytimg.com/vi/R9C5KMJKluE/default.jpg,https://i.ytimg.com/vi/R9C5KMJKluE/mqdefault.jpg,https://i.ytimg.com/vi/R9C5KMJKluE/hqdefault.jpg
C0iGyCNoA5U,Flutter: Game Of Thrones Flutter App Tutorial | Pilot Episode | Giveaway Flutter T-Shirt,https://i.ytimg.com/vi/C0iGyCNoA5U/default.jpg,https://i.ytimg.com/vi/C0iGyCNoA5U/mqdefault.jpg,https://i.ytimg.com/vi/C0iGyCNoA5U/hqdefault.jpg
ORiTTaVY6mM,SliverList & SliverGrid (Flutter Widget of the Week),https://i.ytimg.com/vi/ORiTTaVY6mM/default.jpg,https://i.ytimg.com/vi/ORiTTaVY6mM/mqdefault.jpg,https://i.ytimg.com/vi/ORiTTaVY6mM/hqdefault.jpg
02sRV-eGGo0,Flutter: Quiz App Tutorial | Premier | USA And Giveaway Update,https://i.ytimg.com/vi/02sRV-eGGo0/default.jpg,https://i.ytimg.com/vi/02sRV-eGGo0/mqdefault.jpg,https://i.ytimg.com/vi/02sRV-eGGo0/hqdefault.jpg
RMyDdULZglE,Building the VoxxedDays App with Flutter by Matt Sullivan,https://i.ytimg.com/vi/RMyDdULZglE/default.jpg,https://i.ytimg.com/vi/RMyDdULZglE/mqdefault.jpg,https://i.ytimg.com/vi/RMyDdULZglE/hqdefault.jpg
mztMzzD8NiE,"Exploring Flutter Samples and Examples (The Boring Flutter Development Show, Ep. 11)",https://i.ytimg.com/vi/mztMzzD8NiE/default.jpg,https://i.ytimg.com/vi/mztMzzD8NiE/mqdefault.jpg,https://i.ytimg.com/vi/mztMzzD8NiE/hqdefault.jpg
UJVO-H0wfVU,Flutter: Animation Series || Episode 1 || Basic Animation,https://i.ytimg.com/vi/UJVO-H0wfVU/default.jpg,https://i.ytimg.com/vi/UJVO-H0wfVU/mqdefault.jpg,https://i.ytimg.com/vi/UJVO-H0wfVU/hqdefault.jpg
kNVkC99p3Ho,Flutter Animation: Ep 2 || Animation Series || Easing,https://i.ytimg.com/vi/kNVkC99p3Ho/default.jpg,https://i.ytimg.com/vi/kNVkC99p3Ho/mqdefault.jpg,https://i.ytimg.com/vi/kNVkC99p3Ho/hqdefault.jpg
5ANXJjVX3t8,Flutter Animation: Ep 3 || Animation Series || Brick Animations,https://i.ytimg.com/vi/5ANXJjVX3t8/default.jpg,https://i.ytimg.com/vi/5ANXJjVX3t8/mqdefault.jpg,https://i.ytimg.com/vi/5ANXJjVX3t8/hqdefault.jpg
lMyuoL2Bsi4,Private video,https://i.ytimg.com/vi/lMyuoL2Bsi4/default.jpg,https://i.ytimg.com/vi/lMyuoL2Bsi4/mqdefault.jpg,https://i.ytimg.com/vi/lMyuoL2Bsi4/hqdefault.jpg
96ykD0sacRA,Flutter: Login Page Bloc Pattern Demo,https://i.ytimg.com/vi/96ykD0sacRA/default.jpg,https://i.ytimg.com/vi/96ykD0sacRA/mqdefault.jpg,https://i.ytimg.com/vi/96ykD0sacRA/hqdefault.jpg
VsdR9S0J0ag,Flutter Weekly Widgets S02E01 | Reordable ListView,https://i.ytimg.com/vi/VsdR9S0J0ag/default.jpg,https://i.ytimg.com/vi/VsdR9S0J0ag/mqdefault.jpg,https://i.ytimg.com/vi/VsdR9S0J0ag/hqdefault.jpg
oE4Cl_p5LQ0,Flutter Weekly Widgets S02E02 | 3D ListView,https://i.ytimg.com/vi/oE4Cl_p5LQ0/default.jpg,https://i.ytimg.com/vi/oE4Cl_p5LQ0/mqdefault.jpg,https://i.ytimg.com/vi/oE4Cl_p5LQ0/hqdefault.jpg
S1ta90cTxBA,Flutter: Face ID & Touch ID/Fingerprint Local Auth | AndroidX | 2K,https://i.ytimg.com/vi/S1ta90cTxBA/default.jpg,https://i.ytimg.com/vi/S1ta90cTxBA/mqdefault.jpg,https://i.ytimg.com/vi/S1ta90cTxBA/hqdefault.jpg
w0-UB7rx8TA,Flutter: Face ID & Touch ID/Fingerprint Local Auth | AndroidX | Full HD,https://i.ytimg.com/vi/w0-UB7rx8TA/default.jpg,https://i.ytimg.com/vi/w0-UB7rx8TA/mqdefault.jpg,https://i.ytimg.com/vi/w0-UB7rx8TA/hqdefault.jpg
xyVXbNMJoIk,Flutter: Programatically Check Whether Debug OR Release Mode ?,https://i.ytimg.com/vi/xyVXbNMJoIk/default.jpg,https://i.ytimg.com/vi/xyVXbNMJoIk/mqdefault.jpg,https://i.ytimg.com/vi/xyVXbNMJoIk/hqdefault.jpg
R7sOcdIeMKQ,Flutter: Animation Series Ep 4 | Flipper Widget,https://i.ytimg.com/vi/R7sOcdIeMKQ/default.jpg,https://i.ytimg.com/vi/R7sOcdIeMKQ/mqdefault.jpg,https://i.ytimg.com/vi/R7sOcdIeMKQ/hqdefault.jpg
BjV4RMkVY6w,Flutter 2019 : Real Splash Screens Tutorial,https://i.ytimg.com/vi/BjV4RMkVY6w/default.jpg,https://i.ytimg.com/vi/BjV4RMkVY6w/mqdefault.jpg,https://i.ytimg.com/vi/BjV4RMkVY6w/hqdefault.jpg
iVNTTX5GrUc,Flutter 2019: Securing your Flutter Apps Part - 1 | Prevent Screenshot etc,https://i.ytimg.com/vi/iVNTTX5GrUc/default.jpg,https://i.ytimg.com/vi/iVNTTX5GrUc/mqdefault.jpg,https://i.ytimg.com/vi/iVNTTX5GrUc/hqdefault.jpg
6mOX9LxH_rU,Flutter Weekly Widgets S02E03 | Universal Error Widget,https://i.ytimg.com/vi/6mOX9LxH_rU/default.jpg,https://i.ytimg.com/vi/6mOX9LxH_rU/mqdefault.jpg,https://i.ytimg.com/vi/6mOX9LxH_rU/hqdefault.jpg
fiOAAiZ41Zs,Flutter 2019: Make New Gmail Like FloatingActionButton,https://i.ytimg.com/vi/fiOAAiZ41Zs/default.jpg,https://i.ytimg.com/vi/fiOAAiZ41Zs/mqdefault.jpg,https://i.ytimg.com/vi/fiOAAiZ41Zs/hqdefault.jpg
vyXWqOmkxe8,Routes in Flutter | Push | PushNamed | GenerateRoute | Unknown Route,https://i.ytimg.com/vi/vyXWqOmkxe8/default.jpg,https://i.ytimg.com/vi/vyXWqOmkxe8/mqdefault.jpg,https://i.ytimg.com/vi/vyXWqOmkxe8/hqdefault.jpg
o1vZVhl2BMc,What's new in Dart 2.3 | New Flutter UI Code Features,https://i.ytimg.com/vi/o1vZVhl2BMc/default.jpg,https://i.ytimg.com/vi/o1vZVhl2BMc/mqdefault.jpg,https://i.ytimg.com/vi/o1vZVhl2BMc/hqdefault.jpg
-MBWdZ1u8tQ,Flutter StackOverflow App Tutorial | Flutter Bloc | Redux,https://i.ytimg.com/vi/-MBWdZ1u8tQ/default.jpg,https://i.ytimg.com/vi/-MBWdZ1u8tQ/mqdefault.jpg,https://i.ytimg.com/vi/-MBWdZ1u8tQ/hqdefault.jpg
Gf-Qu29RLUo,Flutter ARCore Tutorial | Sceneform | Exploring New Possibilities,https://i.ytimg.com/vi/Gf-Qu29RLUo/default.jpg,https://i.ytimg.com/vi/Gf-Qu29RLUo/mqdefault.jpg,https://i.ytimg.com/vi/Gf-Qu29RLUo/hqdefault.jpg
aHgzAfwxMQk,Flutter ARKit Tutorial | iOS,https://i.ytimg.com/vi/aHgzAfwxMQk/default.jpg,https://i.ytimg.com/vi/aHgzAfwxMQk/mqdefault.jpg,https://i.ytimg.com/vi/aHgzAfwxMQk/hqdefault.jpg
smwtgvpK9FU,Flutter For Web: Getting Started | Migrating PokemonApp to Web,https://i.ytimg.com/vi/smwtgvpK9FU/default.jpg,https://i.ytimg.com/vi/smwtgvpK9FU/mqdefault.jpg,https://i.ytimg.com/vi/smwtgvpK9FU/hqdefault.jpg
QAHqlsAky_4,Flutter Web: Making a Responsive Portfolio App | Part 1,https://i.ytimg.com/vi/QAHqlsAky_4/default.jpg,https://i.ytimg.com/vi/QAHqlsAky_4/mqdefault.jpg,https://i.ytimg.com/vi/QAHqlsAky_4/hqdefault.jpg
ajSliNbczi0,Flutter Web: Deploying Portfolio App To Github.IO | Peanut Tutorial | Part 2,https://i.ytimg.com/vi/ajSliNbczi0/default.jpg,https://i.ytimg.com/vi/ajSliNbczi0/mqdefault.jpg,https://i.ytimg.com/vi/ajSliNbczi0/hqdefault.jpg
TJDSQBm51cI,Flutter Web: Deploying Flutter UIKit to Github Pages | Peanut Tutorial,https://i.ytimg.com/vi/TJDSQBm51cI/default.jpg,https://i.ytimg.com/vi/TJDSQBm51cI/mqdefault.jpg,https://i.ytimg.com/vi/TJDSQBm51cI/hqdefault.jpg
5S9qjreGFNc,Flutter: PDF Viewer Tutorial Android & IOS | From URL & Asset,https://i.ytimg.com/vi/5S9qjreGFNc/default.jpg,https://i.ytimg.com/vi/5S9qjreGFNc/mqdefault.jpg,https://i.ytimg.com/vi/5S9qjreGFNc/hqdefault.jpg
hAbXdcHpx_U,Flutter: Auto Create Models from JSON | Serializable,https://i.ytimg.com/vi/hAbXdcHpx_U/default.jpg,https://i.ytimg.com/vi/hAbXdcHpx_U/mqdefault.jpg,https://i.ytimg.com/vi/hAbXdcHpx_U/hqdefault.jpg
NhlPK10_k9E,Flutter: Background Fetch | Run code in the background Android & iOS,https://i.ytimg.com/vi/NhlPK10_k9E/default.jpg,https://i.ytimg.com/vi/NhlPK10_k9E/mqdefault.jpg,https://i.ytimg.com/vi/NhlPK10_k9E/hqdefault.jpg
hV9gY01m61Y,Flutter: Click | Pick | Crop | Compress an Image | AndroidX,https://i.ytimg.com/vi/hV9gY01m61Y/default.jpg,https://i.ytimg.com/vi/hV9gY01m61Y/mqdefault.jpg,https://i.ytimg.com/vi/hV9gY01m61Y/hqdefault.jpg
o1FSQOeDcYE,Flutter Hindi: EP06 | Gender Prediction App,https://i.ytimg.com/vi/o1FSQOeDcYE/default.jpg,https://i.ytimg.com/vi/o1FSQOeDcYE/mqdefault.jpg,https://i.ytimg.com/vi/o1FSQOeDcYE/hqdefault.jpg
u_Xyqo6lhFE,Flutter: Data Connection Checker | Wifi connected but no internet,https://i.ytimg.com/vi/u_Xyqo6lhFE/default.jpg,https://i.ytimg.com/vi/u_Xyqo6lhFE/mqdefault.jpg,https://i.ytimg.com/vi/u_Xyqo6lhFE/hqdefault.jpg
dRbmjsqERVw,Flutter: Android App Bundle Step By Step Guide,https://i.ytimg.com/vi/dRbmjsqERVw/default.jpg,https://i.ytimg.com/vi/dRbmjsqERVw/mqdefault.jpg,https://i.ytimg.com/vi/dRbmjsqERVw/hqdefault.jpg
JaVjHDdoVOg,Flutter: Lazy Loading ListViews | Load More Data On Scroll,https://i.ytimg.com/vi/JaVjHDdoVOg/default.jpg,https://i.ytimg.com/vi/JaVjHDdoVOg/mqdefault.jpg,https://i.ytimg.com/vi/JaVjHDdoVOg/hqdefault.jpg
Nn6kle_DThM,Flutter: Overriding Dependencies | Solving Version Conflicts,https://i.ytimg.com/vi/Nn6kle_DThM/default.jpg,https://i.ytimg.com/vi/Nn6kle_DThM/mqdefault.jpg,https://i.ytimg.com/vi/Nn6kle_DThM/hqdefault.jpg
LWAAOyQknvY,Flutter: Styling Google Maps For Multiple Themes | Android & iOS  | Official Plugin,https://i.ytimg.com/vi/LWAAOyQknvY/default.jpg,https://i.ytimg.com/vi/LWAAOyQknvY/mqdefault.jpg,https://i.ytimg.com/vi/LWAAOyQknvY/hqdefault.jpg
lxl4_Y59IH8,Flutter: Generate Widgets Automatically From JSON | New Flutter Tool,https://i.ytimg.com/vi/lxl4_Y59IH8/default.jpg,https://i.ytimg.com/vi/lxl4_Y59IH8/mqdefault.jpg,https://i.ytimg.com/vi/lxl4_Y59IH8/hqdefault.jpg
gw272X66qvU,Flutter: Setup | DevFest App | CH01 | Complete App Tutorial,https://i.ytimg.com/vi/gw272X66qvU/default.jpg,https://i.ytimg.com/vi/gw272X66qvU/mqdefault.jpg,https://i.ytimg.com/vi/gw272X66qvU/hqdefault.jpg
4hH5XCflZfU,Flutter: Flutter Bloc Explained With Light & Dark Theme | DevFest App | CH02 | Complete App Tutorial,https://i.ytimg.com/vi/4hH5XCflZfU/default.jpg,https://i.ytimg.com/vi/4hH5XCflZfU/mqdefault.jpg,https://i.ytimg.com/vi/4hH5XCflZfU/hqdefault.jpg
ak8FFST1qsc,Flutter: Structuring & Designing Home Screen | DevFest App | CH03 | Complete App Tutorial,https://i.ytimg.com/vi/ak8FFST1qsc/default.jpg,https://i.ytimg.com/vi/ak8FFST1qsc/mqdefault.jpg,https://i.ytimg.com/vi/ak8FFST1qsc/hqdefault.jpg
8fPKb5ehkaE,Flutter: Designing Beautiful UIs of Agenda & Speakers | DevFest App | CH04,https://i.ytimg.com/vi/8fPKb5ehkaE/default.jpg,https://i.ytimg.com/vi/8fPKb5ehkaE/mqdefault.jpg,https://i.ytimg.com/vi/8fPKb5ehkaE/hqdefault.jpg
_uMLR7D4npE,Flutter: Find Widget's Size & Position Using Render Object,https://i.ytimg.com/vi/_uMLR7D4npE/default.jpg,https://i.ytimg.com/vi/_uMLR7D4npE/mqdefault.jpg,https://i.ytimg.com/vi/_uMLR7D4npE/hqdefault.jpg
LVQeeUIOUWc,Flutter 1.9 | 20+ New Changes & Features | Dart 2.5,https://i.ytimg.com/vi/LVQeeUIOUWc/default.jpg,https://i.ytimg.com/vi/LVQeeUIOUWc/mqdefault.jpg,https://i.ytimg.com/vi/LVQeeUIOUWc/hqdefault.jpg
8WJL2dYrLF4,Flutter Web : Flutter 1.10 Adding Web Support For New & Existing Projects,https://i.ytimg.com/vi/8WJL2dYrLF4/default.jpg,https://i.ytimg.com/vi/8WJL2dYrLF4/mqdefault.jpg,https://i.ytimg.com/vi/8WJL2dYrLF4/hqdefault.jpg
qDqRbai9VmU,Flutter: WhatsApp Clone Status View | Story View Feature Tutorial,https://i.ytimg.com/vi/qDqRbai9VmU/default.jpg,https://i.ytimg.com/vi/qDqRbai9VmU/mqdefault.jpg,https://i.ytimg.com/vi/qDqRbai9VmU/hqdefault.jpg
c0-dC74Sw9Y,A Responsive Game of Thrones Flutter App | Chapter 1,https://i.ytimg.com/vi/c0-dC74Sw9Y/default.jpg,https://i.ytimg.com/vi/c0-dC74Sw9Y/mqdefault.jpg,https://i.ytimg.com/vi/c0-dC74Sw9Y/hqdefault.jpg
0pYh7Js4GM8,Flutter + TensorFlow Lite | Object Detection | YoloV2 | SSD Tutorial,https://i.ytimg.com/vi/0pYh7Js4GM8/default.jpg,https://i.ytimg.com/vi/0pYh7Js4GM8/mqdefault.jpg,https://i.ytimg.com/vi/0pYh7Js4GM8/hqdefault.jpg
XsIZqyJaZh0,Flutter: Designing Remaining Screens | Completing Phase 1 | DevFest App | CH05,https://i.ytimg.com/vi/XsIZqyJaZh0/default.jpg,https://i.ytimg.com/vi/XsIZqyJaZh0/mqdefault.jpg,https://i.ytimg.com/vi/XsIZqyJaZh0/hqdefault.jpg
GTL97K_xLOs,Beautiful Nike Web Design Concept With Flutter | FUI EP01,https://i.ytimg.com/vi/GTL97K_xLOs/default.jpg,https://i.ytimg.com/vi/GTL97K_xLOs/mqdefault.jpg,https://i.ytimg.com/vi/GTL97K_xLOs/hqdefault.jpg
YsvFnNiKn_M,Awesome HTTP Inspector Tool | Flutter Library of the Week | EP-01,https://i.ytimg.com/vi/YsvFnNiKn_M/default.jpg,https://i.ytimg.com/vi/YsvFnNiKn_M/mqdefault.jpg,https://i.ytimg.com/vi/YsvFnNiKn_M/hqdefault.jpg
ggmjumYogEo,Flutter App + Backend (Angel) = FullStack,https://i.ytimg.com/vi/ggmjumYogEo/default.jpg,https://i.ytimg.com/vi/ggmjumYogEo/mqdefault.jpg,https://i.ytimg.com/vi/ggmjumYogEo/hqdefault.jpg
k4fFfT8vli0,Awesome Animated Loaders | Flutter Library of the Week | EP-02,https://i.ytimg.com/vi/k4fFfT8vli0/default.jpg,https://i.ytimg.com/vi/k4fFfT8vli0/mqdefault.jpg,https://i.ytimg.com/vi/k4fFfT8vli0/hqdefault.jpg
btWBendfaCA,Flutter 1.12 New Announcements | My Opinions | Flutter Interact,https://i.ytimg.com/vi/btWBendfaCA/default.jpg,https://i.ytimg.com/vi/btWBendfaCA/mqdefault.jpg,https://i.ytimg.com/vi/btWBendfaCA/hqdefault.jpg
R2HNppJDp2Q,Awesome Onboarding Experience | Flutter Library of the Week | EP-03,https://i.ytimg.com/vi/R2HNppJDp2Q/default.jpg,https://i.ytimg.com/vi/R2HNppJDp2Q/mqdefault.jpg,https://i.ytimg.com/vi/R2HNppJDp2Q/hqdefault.jpg
l4myDi8hiQs,"Flutter For Web, Desktop Released | Getting Started Cocktail App",https://i.ytimg.com/vi/l4myDi8hiQs/default.jpg,https://i.ytimg.com/vi/l4myDi8hiQs/mqdefault.jpg,https://i.ytimg.com/vi/l4myDi8hiQs/hqdefault.jpg
1bkcq3lO900,Flutter Windows Desktop App | Early Preview,https://i.ytimg.com/vi/1bkcq3lO900/default.jpg,https://i.ytimg.com/vi/1bkcq3lO900/mqdefault.jpg,https://i.ytimg.com/vi/1bkcq3lO900/hqdefault.jpg
-xmTDkMyqpk,Flutter's New Hot UI Tool,https://i.ytimg.com/vi/-xmTDkMyqpk/default.jpg,https://i.ytimg.com/vi/-xmTDkMyqpk/mqdefault.jpg,https://i.ytimg.com/vi/-xmTDkMyqpk/hqdefault.jpg
QsY2LKcivqk,Flutter - Making a Christmas Tree ðŸŽ„| Tween Animation,https://i.ytimg.com/vi/QsY2LKcivqk/default.jpg,https://i.ytimg.com/vi/QsY2LKcivqk/mqdefault.jpg,https://i.ytimg.com/vi/QsY2LKcivqk/hqdefault.jpg
LynrAhoJ_zM,Flutter Beautiful Responsive Apps with Animations | Teaser,https://i.ytimg.com/vi/LynrAhoJ_zM/default.jpg,https://i.ytimg.com/vi/LynrAhoJ_zM/mqdefault.jpg,https://i.ytimg.com/vi/LynrAhoJ_zM/hqdefault.jpg
A3co3Tskjtg,Awesome Overlays | Flutter Library of the Week | EP-04,https://i.ytimg.com/vi/A3co3Tskjtg/default.jpg,https://i.ytimg.com/vi/A3co3Tskjtg/mqdefault.jpg,https://i.ytimg.com/vi/A3co3Tskjtg/hqdefault.jpg
A3co3Tskjtg,Awesome Overlays | Flutter Library of the Week | EP-04,https://i.ytimg.com/vi/A3co3Tskjtg/default.jpg,https://i.ytimg.com/vi/A3co3Tskjtg/mqdefault.jpg,https://i.ytimg.com/vi/A3co3Tskjtg/hqdefault.jpg
UJVO-H0wfVU,Flutter: Animation Series || Episode 1 || Basic Animation,https://i.ytimg.com/vi/UJVO-H0wfVU/default.jpg,https://i.ytimg.com/vi/UJVO-H0wfVU/mqdefault.jpg,https://i.ytimg.com/vi/UJVO-H0wfVU/hqdefault.jpg
kNVkC99p3Ho,Flutter Animation: Ep 2 || Animation Series || Easing,https://i.ytimg.com/vi/kNVkC99p3Ho/default.jpg,https://i.ytimg.com/vi/kNVkC99p3Ho/mqdefault.jpg,https://i.ytimg.com/vi/kNVkC99p3Ho/hqdefault.jpg
5ANXJjVX3t8,Flutter Animation: Ep 3 || Animation Series || Brick Animations,https://i.ytimg.com/vi/5ANXJjVX3t8/default.jpg,https://i.ytimg.com/vi/5ANXJjVX3t8/mqdefault.jpg,https://i.ytimg.com/vi/5ANXJjVX3t8/hqdefault.jpg
R7sOcdIeMKQ,Flutter: Animation Series Ep 4 | Flipper Widget,https://i.ytimg.com/vi/R7sOcdIeMKQ/default.jpg,https://i.ytimg.com/vi/R7sOcdIeMKQ/mqdefault.jpg,https://i.ytimg.com/vi/R7sOcdIeMKQ/hqdefault.jpg
eeXdA6gow3s,Flutter Flare 1.0 : Getting Started With 2D Animations,https://i.ytimg.com/vi/eeXdA6gow3s/default.jpg,https://i.ytimg.com/vi/eeXdA6gow3s/mqdefault.jpg,https://i.ytimg.com/vi/eeXdA6gow3s/hqdefault.jpg
693dvb_RJ6M,Learn Flutter Like A PRO By Building Apps | Absolutely Free | Career Guide,https://i.ytimg.com/vi/693dvb_RJ6M/default.jpg,https://i.ytimg.com/vi/693dvb_RJ6M/mqdefault.jpg,https://i.ytimg.com/vi/693dvb_RJ6M/hqdefault.jpg
k1EYzQAhV-g,Awesome Extensions | Flutter Library of the Week | EP-05,https://i.ytimg.com/vi/k1EYzQAhV-g/default.jpg,https://i.ytimg.com/vi/k1EYzQAhV-g/mqdefault.jpg,https://i.ytimg.com/vi/k1EYzQAhV-g/hqdefault.jpg
bYrZnVGyYc8,Flutter Zoom In Zoom Out And Rotate,https://i.ytimg.com/vi/bYrZnVGyYc8/default.jpg,https://i.ytimg.com/vi/bYrZnVGyYc8/mqdefault.jpg,https://i.ytimg.com/vi/bYrZnVGyYc8/hqdefault.jpg
OtkrNQxJzBQ,Storing Keys in .env file | BuildConfig | Flutter Library of the Week | EP-06,https://i.ytimg.com/vi/OtkrNQxJzBQ/default.jpg,https://i.ytimg.com/vi/OtkrNQxJzBQ/mqdefault.jpg,https://i.ytimg.com/vi/OtkrNQxJzBQ/hqdefault.jpg
i6GS3lCkAY8,Flutter PWA Tutorial - 1/2,https://i.ytimg.com/vi/i6GS3lCkAY8/default.jpg,https://i.ytimg.com/vi/i6GS3lCkAY8/mqdefault.jpg,https://i.ytimg.com/vi/i6GS3lCkAY8/hqdefault.jpg
abKzgvl-Ceg,Flutter Official PWA Support - 2/2,https://i.ytimg.com/vi/abKzgvl-Ceg/default.jpg,https://i.ytimg.com/vi/abKzgvl-Ceg/mqdefault.jpg,https://i.ytimg.com/vi/abKzgvl-Ceg/hqdefault.jpg
DYFjMpiA0qk,Flutter Unknown Upcoming Feature To Make It More Faster,https://i.ytimg.com/vi/DYFjMpiA0qk/default.jpg,https://i.ytimg.com/vi/DYFjMpiA0qk/mqdefault.jpg,https://i.ytimg.com/vi/DYFjMpiA0qk/hqdefault.jpg
kKsVdFPcoNY,Making Ubuntu like terminal in Flutter,https://i.ytimg.com/vi/kKsVdFPcoNY/default.jpg,https://i.ytimg.com/vi/kKsVdFPcoNY/mqdefault.jpg,https://i.ytimg.com/vi/kKsVdFPcoNY/hqdefault.jpg
8fOoF7icyn0,RxDart Explained - The Flutter Way,https://i.ytimg.com/vi/8fOoF7icyn0/default.jpg,https://i.ytimg.com/vi/8fOoF7icyn0/mqdefault.jpg,https://i.ytimg.com/vi/8fOoF7icyn0/hqdefault.jpg
65hpqxG8k3E,Announcing Flutter VelocityX | Super Productive Package,https://i.ytimg.com/vi/65hpqxG8k3E/default.jpg,https://i.ytimg.com/vi/65hpqxG8k3E/mqdefault.jpg,https://i.ytimg.com/vi/65hpqxG8k3E/hqdefault.jpg
NWbXBXZscyE,Flutter: Neumorphic Design In Just 1 Line | VelocityX Neumorphism Explained,https://i.ytimg.com/vi/NWbXBXZscyE/default.jpg,https://i.ytimg.com/vi/NWbXBXZscyE/mqdefault.jpg,https://i.ytimg.com/vi/NWbXBXZscyE/hqdefault.jpg
RPrh-ynV8Bs,Flutter Powerful Box/Container| VelocityX | Ch02,https://i.ytimg.com/vi/RPrh-ynV8Bs/default.jpg,https://i.ytimg.com/vi/RPrh-ynV8Bs/mqdefault.jpg,https://i.ytimg.com/vi/RPrh-ynV8Bs/hqdefault.jpg
IOhJCN4T1V4,Flutter Powerful Text | VelocityX | Ch01,https://i.ytimg.com/vi/IOhJCN4T1V4/default.jpg,https://i.ytimg.com/vi/IOhJCN4T1V4/mqdefault.jpg,https://i.ytimg.com/vi/IOhJCN4T1V4/hqdefault.jpg
akMH3UOvYu8,Flutter: Build a Gif Search Engine | Taking Flight With Flutter,https://i.ytimg.com/vi/akMH3UOvYu8/default.jpg,https://i.ytimg.com/vi/akMH3UOvYu8/mqdefault.jpg,https://i.ytimg.com/vi/akMH3UOvYu8/hqdefault.jpg
ZcS66NNbTGw,Adobe XD Flutter Early Access Tutorial | Getting Started,https://i.ytimg.com/vi/ZcS66NNbTGw/default.jpg,https://i.ytimg.com/vi/ZcS66NNbTGw/mqdefault.jpg,https://i.ytimg.com/vi/ZcS66NNbTGw/hqdefault.jpg
ZcS66NNbTGw,Adobe XD Flutter Early Access Tutorial | Getting Started,https://i.ytimg.com/vi/ZcS66NNbTGw/default.jpg,https://i.ytimg.com/vi/ZcS66NNbTGw/mqdefault.jpg,https://i.ytimg.com/vi/ZcS66NNbTGw/hqdefault.jpg
0GjsJEF9MaA,"Responsive Portfolio App |  Flutter Mobile, Web, & Desktop | SpeedX Code",https://i.ytimg.com/vi/0GjsJEF9MaA/default.jpg,https://i.ytimg.com/vi/0GjsJEF9MaA/mqdefault.jpg,https://i.ytimg.com/vi/0GjsJEF9MaA/hqdefault.jpg
0GjsJEF9MaA,"Responsive Portfolio App |  Flutter Mobile, Web, & Desktop | SpeedX Code",https://i.ytimg.com/vi/0GjsJEF9MaA/default.jpg,https://i.ytimg.com/vi/0GjsJEF9MaA/mqdefault.jpg,https://i.ytimg.com/vi/0GjsJEF9MaA/hqdefault.jpg
_65Ixfu9nSo,Deno Crash Course (Backend) + Flutter (Frontend) Full Tutorial,https://i.ytimg.com/vi/_65Ixfu9nSo/default.jpg,https://i.ytimg.com/vi/_65Ixfu9nSo/mqdefault.jpg,https://i.ytimg.com/vi/_65Ixfu9nSo/hqdefault.jpg
_65Ixfu9nSo,Deno Crash Course (Backend) + Flutter (Frontend) Full Tutorial,https://i.ytimg.com/vi/_65Ixfu9nSo/default.jpg,https://i.ytimg.com/vi/_65Ixfu9nSo/mqdefault.jpg,https://i.ytimg.com/vi/_65Ixfu9nSo/hqdefault.jpg
6wQwnTIBD1Y,Flutter Complete Paid Mini Course for Free Beginners 2021,https://i.ytimg.com/vi/6wQwnTIBD1Y/default.jpg,https://i.ytimg.com/vi/6wQwnTIBD1Y/mqdefault.jpg,https://i.ytimg.com/vi/6wQwnTIBD1Y/hqdefault.jpg
6wQwnTIBD1Y,Flutter Complete Paid Mini Course for Free Beginners 2021,https://i.ytimg.com/vi/6wQwnTIBD1Y/default.jpg,https://i.ytimg.com/vi/6wQwnTIBD1Y/mqdefault.jpg,https://i.ytimg.com/vi/6wQwnTIBD1Y/hqdefault.jpg
6wQwnTIBD1Y,Flutter Complete Paid Mini Course for Free Beginners 2021,https://i.ytimg.com/vi/6wQwnTIBD1Y/default.jpg,https://i.ytimg.com/vi/6wQwnTIBD1Y/mqdefault.jpg,https://i.ytimg.com/vi/6wQwnTIBD1Y/hqdefault.jpg
6wQwnTIBD1Y,Flutter Complete Paid Mini Course for Free Beginners 2021,https://i.ytimg.com/vi/6wQwnTIBD1Y/default.jpg,https://i.ytimg.com/vi/6wQwnTIBD1Y/mqdefault.jpg,https://i.ytimg.com/vi/6wQwnTIBD1Y/hqdefault.jpg
PCUuCdm4uc0,The Internal Working of Flutter Animations | Flutter Stream Day Season 1,https://i.ytimg.com/vi/PCUuCdm4uc0/default.jpg,https://i.ytimg.com/vi/PCUuCdm4uc0/mqdefault.jpg,https://i.ytimg.com/vi/PCUuCdm4uc0/hqdefault.jpg
PCUuCdm4uc0,The Internal Working of Flutter Animations | Flutter Stream Day Season 1,https://i.ytimg.com/vi/PCUuCdm4uc0/default.jpg,https://i.ytimg.com/vi/PCUuCdm4uc0/mqdefault.jpg,https://i.ytimg.com/vi/PCUuCdm4uc0/hqdefault.jpg
PCUuCdm4uc0,The Internal Working of Flutter Animations | Flutter Stream Day Season 1,https://i.ytimg.com/vi/PCUuCdm4uc0/default.jpg,https://i.ytimg.com/vi/PCUuCdm4uc0/mqdefault.jpg,https://i.ytimg.com/vi/PCUuCdm4uc0/hqdefault.jpg
JYOBORVtJ50,Flutter Reactive State Management With MOBX | Flutter Stream Day Season 1,https://i.ytimg.com/vi/JYOBORVtJ50/default.jpg,https://i.ytimg.com/vi/JYOBORVtJ50/mqdefault.jpg,https://i.ytimg.com/vi/JYOBORVtJ50/hqdefault.jpg
JYOBORVtJ50,Flutter Reactive State Management With MOBX | Flutter Stream Day Season 1,https://i.ytimg.com/vi/JYOBORVtJ50/default.jpg,https://i.ytimg.com/vi/JYOBORVtJ50/mqdefault.jpg,https://i.ytimg.com/vi/JYOBORVtJ50/hqdefault.jpg
tp1TFm-rO8U,CI / CD in Flutter | Codemagic | Flutter Stream Day Season 1,https://i.ytimg.com/vi/tp1TFm-rO8U/default.jpg,https://i.ytimg.com/vi/tp1TFm-rO8U/mqdefault.jpg,https://i.ytimg.com/vi/tp1TFm-rO8U/hqdefault.jpg
tp1TFm-rO8U,CI / CD in Flutter | Codemagic | Flutter Stream Day Season 1,https://i.ytimg.com/vi/tp1TFm-rO8U/default.jpg,https://i.ytimg.com/vi/tp1TFm-rO8U/mqdefault.jpg,https://i.ytimg.com/vi/tp1TFm-rO8U/hqdefault.jpg
tp1TFm-rO8U,CI / CD in Flutter | Codemagic | Flutter Stream Day Season 1,https://i.ytimg.com/vi/tp1TFm-rO8U/default.jpg,https://i.ytimg.com/vi/tp1TFm-rO8U/mqdefault.jpg,https://i.ytimg.com/vi/tp1TFm-rO8U/hqdefault.jpg
tp1TFm-rO8U,CI / CD in Flutter | Codemagic | Flutter Stream Day Season 1,https://i.ytimg.com/vi/tp1TFm-rO8U/default.jpg,https://i.ytimg.com/vi/tp1TFm-rO8U/mqdefault.jpg,https://i.ytimg.com/vi/tp1TFm-rO8U/hqdefault.jpg
tp1TFm-rO8U,CI / CD in Flutter | Codemagic | Flutter Stream Day Season 1,https://i.ytimg.com/vi/tp1TFm-rO8U/default.jpg,https://i.ytimg.com/vi/tp1TFm-rO8U/mqdefault.jpg,https://i.ytimg.com/vi/tp1TFm-rO8U/hqdefault.jpg
tp1TFm-rO8U,CI / CD in Flutter | Codemagic | Flutter Stream Day Season 1,https://i.ytimg.com/vi/tp1TFm-rO8U/default.jpg,https://i.ytimg.com/vi/tp1TFm-rO8U/mqdefault.jpg,https://i.ytimg.com/vi/tp1TFm-rO8U/hqdefault.jpg
tp1TFm-rO8U,CI / CD in Flutter | Codemagic | Flutter Stream Day Season 1,https://i.ytimg.com/vi/tp1TFm-rO8U/default.jpg,https://i.ytimg.com/vi/tp1TFm-rO8U/mqdefault.jpg,https://i.ytimg.com/vi/tp1TFm-rO8U/hqdefault.jpg
3Eeh3pJ6PeA,Build Your First Blockchain Flutter App | Solidity | Metamask,https://i.ytimg.com/vi/3Eeh3pJ6PeA/default.jpg,https://i.ytimg.com/vi/3Eeh3pJ6PeA/mqdefault.jpg,https://i.ytimg.com/vi/3Eeh3pJ6PeA/hqdefault.jpg
NjScmYk12hM,Learn Flutter in 2 Hours | Crash Course Hindi,https://i.ytimg.com/vi/NjScmYk12hM/default.jpg,https://i.ytimg.com/vi/NjScmYk12hM/mqdefault.jpg,https://i.ytimg.com/vi/NjScmYk12hM/hqdefault.jpg
pZgsD1rJXUU,Flutter iOS App Clips Tutorial,https://i.ytimg.com/vi/pZgsD1rJXUU/default.jpg,https://i.ytimg.com/vi/pZgsD1rJXUU/mqdefault.jpg,https://i.ytimg.com/vi/pZgsD1rJXUU/hqdefault.jpg
CXvhUDeeVXc,Flutter 1.22 Released | Top 20 Major Improvements,https://i.ytimg.com/vi/CXvhUDeeVXc/default.jpg,https://i.ytimg.com/vi/CXvhUDeeVXc/mqdefault.jpg,https://i.ytimg.com/vi/CXvhUDeeVXc/hqdefault.jpg
_I6rpWVpYhY,Flutter VelocityX New Features | TimeAgo | Currency | Popup Menu & More,https://i.ytimg.com/vi/_I6rpWVpYhY/default.jpg,https://i.ytimg.com/vi/_I6rpWVpYhY/mqdefault.jpg,https://i.ytimg.com/vi/_I6rpWVpYhY/hqdefault.jpg
G0fGsI-pEOY,Fastest Flutter Development | VelocityX 1.0 Released | All in 1 | With Animations Support,https://i.ytimg.com/vi/G0fGsI-pEOY/default.jpg,https://i.ytimg.com/vi/G0fGsI-pEOY/mqdefault.jpg,https://i.ytimg.com/vi/G0fGsI-pEOY/hqdefault.jpg
IijBHKiE9mI,Flutter Travel UI with Animations | VelocityX Full Tutorial,https://i.ytimg.com/vi/IijBHKiE9mI/default.jpg,https://i.ytimg.com/vi/IijBHKiE9mI/mqdefault.jpg,https://i.ytimg.com/vi/IijBHKiE9mI/hqdefault.jpg
Peo5Wuos8CM,VxToast  #1 | Flutter Meets VelocityX,https://i.ytimg.com/vi/Peo5Wuos8CM/default.jpg,https://i.ytimg.com/vi/Peo5Wuos8CM/mqdefault.jpg,https://i.ytimg.com/vi/Peo5Wuos8CM/hqdefault.jpg
LMqPIfWW-JQ,VxMediaQuery #2 | Flutter Meets VelocityX,https://i.ytimg.com/vi/LMqPIfWW-JQ/default.jpg,https://i.ytimg.com/vi/LMqPIfWW-JQ/mqdefault.jpg,https://i.ytimg.com/vi/LMqPIfWW-JQ/hqdefault.jpg
2w5PXSqWDcs,VxStepper #3 | Flutter Meets VelocityX,https://i.ytimg.com/vi/2w5PXSqWDcs/default.jpg,https://i.ytimg.com/vi/2w5PXSqWDcs/mqdefault.jpg,https://i.ytimg.com/vi/2w5PXSqWDcs/hqdefault.jpg
Z_LNj8YAh50,Flutter State Restoration Tutorial | Explained,https://i.ytimg.com/vi/Z_LNj8YAh50/default.jpg,https://i.ytimg.com/vi/Z_LNj8YAh50/mqdefault.jpg,https://i.ytimg.com/vi/Z_LNj8YAh50/hqdefault.jpg
pCTz2fA8qV0,Flutter Null Safety Live Migration Tutorial,https://i.ytimg.com/vi/pCTz2fA8qV0/default.jpg,https://i.ytimg.com/vi/pCTz2fA8qV0/mqdefault.jpg,https://i.ytimg.com/vi/pCTz2fA8qV0/hqdefault.jpg
5fdyEdMr9kc,VxSwiper #4 | Flutter Meets VelocityX | Carousel View,https://i.ytimg.com/vi/5fdyEdMr9kc/default.jpg,https://i.ytimg.com/vi/5fdyEdMr9kc/mqdefault.jpg,https://i.ytimg.com/vi/5fdyEdMr9kc/hqdefault.jpg
lDlk9aR8L9E,VxResponsive #5 | Flutter Meets VelocityX | Make Responsive Apps,https://i.ytimg.com/vi/lDlk9aR8L9E/default.jpg,https://i.ytimg.com/vi/lDlk9aR8L9E/mqdefault.jpg,https://i.ytimg.com/vi/lDlk9aR8L9E/hqdefault.jpg
p4xh7zTt6i0,Build an AI - Powered Voice Assistant Flutter Radio App | Android | iOS | Web,https://i.ytimg.com/vi/p4xh7zTt6i0/default.jpg,https://i.ytimg.com/vi/p4xh7zTt6i0/mqdefault.jpg,https://i.ytimg.com/vi/p4xh7zTt6i0/hqdefault.jpg
bv5megfxLpU,VxRating #6 | Flutter Meets VelocityX,https://i.ytimg.com/vi/bv5megfxLpU/default.jpg,https://i.ytimg.com/vi/bv5megfxLpU/mqdefault.jpg,https://i.ytimg.com/vi/bv5megfxLpU/hqdefault.jpg
zO1D-lzI3m0,Flutter Email OTP Verification Tutorial,https://i.ytimg.com/vi/zO1D-lzI3m0/default.jpg,https://i.ytimg.com/vi/zO1D-lzI3m0/mqdefault.jpg,https://i.ytimg.com/vi/zO1D-lzI3m0/hqdefault.jpg
3cur8gO5Lpo,Is your flutter app size too large? | APK Size Tool | Flutter 2.0,https://i.ytimg.com/vi/3cur8gO5Lpo/default.jpg,https://i.ytimg.com/vi/3cur8gO5Lpo/mqdefault.jpg,https://i.ytimg.com/vi/3cur8gO5Lpo/hqdefault.jpg
-2K-mRWJvwE,Flutter Navigator 2.0 Tutorial - The Easy Way | Remove # From URL,https://i.ytimg.com/vi/-2K-mRWJvwE/default.jpg,https://i.ytimg.com/vi/-2K-mRWJvwE/mqdefault.jpg,https://i.ytimg.com/vi/-2K-mRWJvwE/hqdefault.jpg
zk_Sj_b3wYc,Flutter State Management Made Easy | BMI App,https://i.ytimg.com/vi/zk_Sj_b3wYc/default.jpg,https://i.ytimg.com/vi/zk_Sj_b3wYc/mqdefault.jpg,https://i.ytimg.com/vi/zk_Sj_b3wYc/hqdefault.jpg
ujlqRTJg48g,Flutter 2.0 | Link Widget Explained,https://i.ytimg.com/vi/ujlqRTJg48g/default.jpg,https://i.ytimg.com/vi/ujlqRTJg48g/mqdefault.jpg,https://i.ytimg.com/vi/ujlqRTJg48g/hqdefault.jpg
_8KraXcMDMM,Flutter 2.0 | Cupertino Search & ScrollBar Explained,https://i.ytimg.com/vi/_8KraXcMDMM/default.jpg,https://i.ytimg.com/vi/_8KraXcMDMM/mqdefault.jpg,https://i.ytimg.com/vi/_8KraXcMDMM/hqdefault.jpg
Uu7s2vigU3A,Flutter 2.0 | Beautiful Cupertino Form | FormSection | FormRow Explained,https://i.ytimg.com/vi/Uu7s2vigU3A/default.jpg,https://i.ytimg.com/vi/Uu7s2vigU3A/mqdefault.jpg,https://i.ytimg.com/vi/Uu7s2vigU3A/hqdefault.jpg
tw6y3Wbds4M,Flutter Keyboard Key Bindings For Web & Desktop | Shortcuts | Actions,https://i.ytimg.com/vi/tw6y3Wbds4M/default.jpg,https://i.ytimg.com/vi/tw6y3Wbds4M/mqdefault.jpg,https://i.ytimg.com/vi/tw6y3Wbds4M/hqdefault.jpg
j-LOab_PzzU,Master Flutter in Just 8 Hours | Full Course Hindi @codepur,https://i.ytimg.com/vi/j-LOab_PzzU/default.jpg,https://i.ytimg.com/vi/j-LOab_PzzU/mqdefault.jpg,https://i.ytimg.com/vi/j-LOab_PzzU/hqdefault.jpg
NwdEhyeQal4,Flutter 2.2 ðŸ’°GPay ðŸŽApple Pay Integration Tutorial,https://i.ytimg.com/vi/NwdEhyeQal4/default.jpg,https://i.ytimg.com/vi/NwdEhyeQal4/mqdefault.jpg,https://i.ytimg.com/vi/NwdEhyeQal4/hqdefault.jpg
W0N6DGeEn9Y,Flutter Adaptive Navigation | Navigation Rail | Bottom Navigation,https://i.ytimg.com/vi/W0N6DGeEn9Y/default.jpg,https://i.ytimg.com/vi/W0N6DGeEn9Y/mqdefault.jpg,https://i.ytimg.com/vi/W0N6DGeEn9Y/hqdefault.jpg
7660DZ_HJqM,Roadmap to learn Flutter | For all Developers,https://i.ytimg.com/vi/7660DZ_HJqM/default.jpg,https://i.ytimg.com/vi/7660DZ_HJqM/mqdefault.jpg,https://i.ytimg.com/vi/7660DZ_HJqM/hqdefault.jpg
r1haBXdIFNc,"Gastric Problem  - Ayurvedic Causes, Home Remedies & More  | Arogya Mantra Ep#19(3)",https://i.ytimg.com/vi/r1haBXdIFNc/default.jpg,https://i.ytimg.com/vi/r1haBXdIFNc/mqdefault.jpg,https://i.ytimg.com/vi/r1haBXdIFNc/hqdefault.jpg
gY7592DsFdw,Flutter 2.5 New Template Explained,https://i.ytimg.com/vi/gY7592DsFdw/default.jpg,https://i.ytimg.com/vi/gY7592DsFdw/mqdefault.jpg,https://i.ytimg.com/vi/gY7592DsFdw/hqdefault.jpg
_jRnmwno668,Flutter 2.5 New Material Banner & SnackBar Explained,https://i.ytimg.com/vi/_jRnmwno668/default.jpg,https://i.ytimg.com/vi/_jRnmwno668/mqdefault.jpg,https://i.ytimg.com/vi/_jRnmwno668/hqdefault.jpg
CdI0z-xhZks,Flutter Unit Testing Explained | Testing Series Codepur.dev,https://i.ytimg.com/vi/CdI0z-xhZks/default.jpg,https://i.ytimg.com/vi/CdI0z-xhZks/mqdefault.jpg,https://i.ytimg.com/vi/CdI0z-xhZks/hqdefault.jpg
7844jKWKIe0,Flutter Chat App Tutorial With Localization | Hindi,https://i.ytimg.com/vi/7844jKWKIe0/default.jpg,https://i.ytimg.com/vi/7844jKWKIe0/mqdefault.jpg,https://i.ytimg.com/vi/7844jKWKIe0/hqdefault.jpg
uGw2HtSk844,7 Things to Try to Reduce Your Acid Reflux,https://i.ytimg.com/vi/uGw2HtSk844/default.jpg,https://i.ytimg.com/vi/uGw2HtSk844/mqdefault.jpg,https://i.ytimg.com/vi/uGw2HtSk844/hqdefault.jpg
